City,Lat,Lng,Max Temp,Humidity,Cloudiness,Wind Speed,Country,Date
cape town,-33.9258,18.4232,57.99,82,0,8.05,za,1619736414
isangel,-19.55,169.2667,77.0,78,75,6.91,vu,1619736705
dhidhdhoo,6.8833,73.1,83.23,74,100,6.22,mv,1619736654
ushuaia,-54.8,-68.3,34.88,87,100,4.45,ar,1619736706
iqaluit,63.7506,-68.5145,32.0,100,90,4.61,ca,1619736706
nanortalik,60.1432,-45.2371,37.72,83,10,9.91,gl,1619736706
tasiilaq,65.6145,-37.6368,32.0,93,75,6.91,gl,1619736707
half moon bay,37.4636,-122.4286,75.0,82,90,13.8,us,1619736707
tarko-sale,64.9225,77.785,33.01,85,100,16.37,ru,1619736707
komsomolskiy,43.9783,46.6985,55.26,78,100,6.29,ru,1619736708
egvekinot,66.3167,-179.1667,24.13,72,9,0.13,ru,1619736708
gondar,12.6,37.4667,67.59,40,100,6.31,et,1619736709
la ronge,55.1001,-105.2842,44.6,26,20,5.75,ca,1619736709
russell,-35.2613,174.1236,68.0,68,2,5.01,nz,1619736710
vanimo,-2.6741,141.3028,82.06,76,82,2.8,pg,1619736710
busselton,-33.65,115.3333,48.0,98,78,7.96,au,1619736711
port elizabeth,-33.918,25.5701,57.2,94,0,12.66,za,1619736711
port said,31.2565,32.2841,69.8,73,0,6.91,eg,1619736711
lorengau,-2.0226,147.2712,83.44,73,48,3.4,pg,1619736712
dikson,73.5069,80.5464,-1.43,99,95,6.55,ru,1619736712
tura,64.2833,100.25,29.77,83,98,4.7,ru,1619736713
fortuna,40.5982,-124.1573,66.0,67,1,13.8,us,1619736713
san rafael,-34.6177,-68.3301,67.33,44,0,9.93,ar,1619736713
leningradskiy,69.3833,178.4167,27.05,87,100,12.77,ru,1619736714
qaanaaq,77.484,-69.3632,27.07,68,94,8.55,gl,1619736714
punta arenas,-53.15,-70.9167,41.0,87,90,9.22,cl,1619736547
new norfolk,-42.7826,147.0587,54.0,92,61,1.01,au,1619736715
provideniya,64.3833,-173.3,33.8,64,0,2.24,ru,1619736715
hermanus,-34.4187,19.2345,55.99,75,54,7.0,za,1619736716
jacqueville,5.2052,-4.4146,82.4,89,40,3.44,ci,1619736716
castro,-42.4721,-73.7732,59.0,88,90,13.8,cl,1619736717
port alfred,-33.5906,26.891,63.81,73,100,13.38,za,1619736717
rajmahal,25.05,87.8333,82.4,46,8,6.46,in,1619736718
kabanjahe,3.1001,98.4908,75.2,94,40,3.44,id,1619736718
mahajanga,-15.7167,46.3167,77.0,83,20,4.61,mg,1619736719
cabo san lucas,22.8909,-109.9124,82.4,29,1,12.66,mx,1619736719
vaini,-21.2,-175.2,75.2,100,90,6.91,to,1619736719
esna,25.2934,32.554,82.4,20,0,3.44,eg,1619736720
esperance,-33.8667,121.9,57.2,94,75,13.8,au,1619736720
caravelas,-17.7125,-39.2481,76.64,70,52,11.39,br,1619736721
bluff,-46.6,168.3333,55.0,77,83,11.99,nz,1619736721
atambua,-9.1061,124.8925,74.86,81,53,2.86,id,1619736721
ancud,-41.8697,-73.8203,59.0,88,90,13.8,cl,1619736722
bima,-8.4667,118.7167,74.05,87,42,3.83,id,1619736722
kapaa,22.0752,-159.319,78.8,65,75,16.11,us,1619736723
yatou,37.15,122.3833,49.59,69,20,12.68,cn,1619736723
mar del plata,-38.0023,-57.5575,66.2,72,0,5.75,ar,1619736539
chokurdakh,70.6333,147.9167,12.76,91,77,3.76,ru,1619736723
yellowknife,62.456,-114.3525,28.0,63,75,14.97,ca,1619736724
kidal,18.4411,1.4078,92.07,8,1,11.88,ml,1619736724
maracacume,-2.0428,-45.9592,73.78,97,100,2.75,br,1619736725
tiksi,71.6872,128.8694,31.12,81,94,7.47,ru,1619736725
svetlogorsk,54.9399,20.1548,48.2,93,90,2.24,ru,1619736726
antalaha,-14.9003,50.2788,74.68,86,8,6.89,mg,1619736726
east london,-33.0153,27.9116,64.38,81,100,10.54,za,1619736726
hamilton,32.2915,-64.778,68.0,77,75,11.5,bm,1619736727
arraial do cabo,-22.9661,-42.0278,69.8,88,75,2.3,br,1619736661
bethel,41.3712,-73.414,66.2,77,90,11.5,us,1619736727
khatanga,71.9667,102.5,30.74,94,100,7.7,ru,1619736728
torbay,47.6666,-52.7314,42.8,70,20,6.91,ca,1619736728
saint-philippe,-21.3585,55.7679,77.0,83,90,3.44,re,1619736729
mahebourg,-20.4081,57.7,77.0,83,75,12.66,mu,1619736729
rikitea,-23.1203,-134.9692,76.23,68,92,10.22,pf,1619736729
newport,41.4901,-71.3128,54.0,93,90,6.91,us,1619736730
pindushi,62.9152,34.58,29.62,75,53,5.03,ru,1619736730
jamestown,-15.9387,-5.7168,70.07,65,10,19.44,sh,1619736730
hilo,19.7297,-155.09,82.4,57,40,11.5,us,1619736731
whyalla,-33.0333,137.5833,46.4,93,0,4.61,au,1619736731
skjervoy,70.0311,20.9714,31.32,61,100,23.98,no,1619736732
sao joao da barra,-21.6403,-41.0511,70.21,81,16,11.74,br,1619736733
novospasskoye,53.1468,47.7514,40.15,83,41,4.09,ru,1619736733
vagur,61.4732,-6.8119,39.0,69,84,15.55,fo,1619736734
bambous virieux,-20.3428,57.7575,77.0,83,75,12.66,mu,1619736734
tame,6.461,-71.73,73.47,89,100,3.56,co,1619736734
pervomaysk,48.0443,30.8507,47.59,78,36,6.96,ua,1619736735
albany,-35.0169,117.8917,51.8,93,90,11.5,au,1619736735
namibe,-15.1961,12.1522,75.16,70,73,4.88,ao,1619736736
dravograd,46.5881,15.0192,55.99,76,100,1.01,si,1619736736
nador,35.174,-2.9287,62.6,63,0,6.91,ma,1619736736
ilulissat,69.2167,-51.1,41.0,60,99,3.67,gl,1619736737
haines junction,60.7522,-137.5108,44.6,49,99,5.75,ca,1619736737
hobart,-42.8794,147.3294,54.0,100,75,10.36,au,1619736551
kodama,36.1833,139.1333,57.99,88,0,7.58,jp,1619736738
caldono,2.7974,-76.4832,60.31,97,83,1.12,co,1619736738
narsaq,60.9167,-46.05,41.0,70,12,8.05,gl,1619736739
suraabad,40.8192,49.4687,53.6,87,0,4.61,az,1619736739
petatlan,17.5167,-101.2667,86.0,62,1,7.09,mx,1619736740
avarua,-21.2078,-159.775,84.2,79,75,10.36,ck,1619736486
westport,-41.7526,171.6037,59.59,73,100,6.29,nz,1619736740
plettenberg bay,-34.0527,23.3716,56.93,82,87,5.44,za,1619736741
khovu-aksy,51.1333,93.6,44.8,51,99,4.68,ru,1619736741
chicama,-7.8447,-79.1469,62.6,94,75,8.05,pe,1619736742
conde,-7.2597,-34.9075,75.2,100,75,6.91,br,1619736742
atuona,-9.8,-139.0333,79.43,70,3,5.08,pf,1619736742
puerto ayora,-0.7393,-90.3518,80.6,78,20,16.11,ec,1619736743
kodiak,57.79,-152.4072,42.8,75,90,5.75,us,1619736743
husavik,66.0449,-17.3389,37.4,87,90,9.22,is,1619736743
geraldton,49.7267,-86.9484,41.0,75,75,12.66,ca,1619736744
hit,33.6416,42.8251,81.14,21,4,12.44,iq,1619736503
bamiantong,44.9333,130.5333,49.98,28,96,2.95,cn,1619736744
lebu,-37.6167,-73.65,56.01,93,98,6.85,cl,1619736745
hays,30.0502,-98.0336,69.01,93,100,5.99,us,1619736745
san patricio,19.2167,-104.7,82.4,78,20,13.8,mx,1619736746
morros,-9.4467,-46.3003,76.96,63,96,4.32,br,1619736746
hithadhoo,-0.6,73.0833,83.43,72,98,7.85,mv,1619736746
margate,-30.8636,30.3705,67.17,92,100,13.0,za,1619736747
saint george,32.3817,-64.6781,68.0,77,75,11.5,bm,1619736584
marrakesh,31.6315,-8.0083,64.4,55,75,5.75,ma,1619736559
north platte,41.1239,-100.7654,75.2,23,1,5.75,us,1619736748
krasnokamensk,50.0979,118.0369,32.85,84,98,6.6,ru,1619736749
parrita,9.5201,-84.3225,71.6,88,75,4.61,cr,1619736749
umm lajj,25.0213,37.2685,85.42,42,43,11.03,sa,1619736749
nikolskoye,59.7035,30.7861,34.0,64,0,1.19,ru,1619736750
tagusao,9.1924,117.8141,80.04,81,12,3.87,ph,1619736750
talnakh,69.4865,88.3972,29.61,93,98,4.38,ru,1619736751
ribeira grande,38.5167,-28.7,57.99,65,83,11.25,pt,1619736751
turayf,31.6725,38.6637,71.6,28,0,9.22,sa,1619736751
manokwari,-0.8667,134.0833,80.56,74,100,1.66,id,1619736752
solnechnyy,50.7214,136.6319,34.75,76,98,8.86,ru,1619736752
clyde river,70.4692,-68.5914,26.6,100,90,10.36,ca,1619736753
usinsk,65.9939,57.5281,26.73,71,79,3.51,ru,1619736753
clifton,40.8584,-74.1638,77.0,64,90,14.97,us,1619736488
kruisfontein,-34.0033,24.7314,57.0,95,100,1.01,za,1619736754
etchojoa,26.9167,-109.6333,91.0,30,0,20.58,mx,1619736754
tuktoyaktuk,69.4541,-133.0374,26.6,63,20,16.11,ca,1619736755
durban,-29.8579,31.0292,71.6,73,40,12.66,za,1619736755
sayyan,15.1718,44.3244,58.32,69,28,3.91,ye,1619736756
ixtapa,20.7,-105.2,82.4,74,1,12.66,mx,1619736756
olafsvik,64.8945,-23.7142,40.73,76,100,2.84,is,1619736756
anito,12.4497,125.2886,78.39,81,86,3.06,ph,1619736757
sur,22.5667,59.5289,86.11,39,93,5.3,om,1619736757
milton,34.1322,-84.3007,75.99,72,100,3.0,us,1619736537
butaritari,3.0707,172.7902,83.48,75,100,14.29,ki,1619736758
wonthaggi,-38.6044,145.5913,57.99,93,22,10.0,au,1619736758
damghan,36.1683,54.348,60.8,54,0,2.59,ir,1619736759
vardo,70.3705,31.1107,26.6,86,75,10.36,no,1619736759
victoria,-4.6167,55.45,84.2,79,20,5.75,sc,1619736759
yarmolyntsi,49.1924,26.8373,52.0,85,49,8.01,ua,1619736760
jiuquan,39.7432,98.5174,61.63,17,75,8.66,cn,1619736760
suclayin,15.7568,121.5503,78.57,80,66,0.13,ph,1619736761
pacifica,37.6138,-122.4869,57.0,82,90,13.8,us,1619736494
anadyr,64.75,177.4833,21.2,73,0,11.18,ru,1619736761
meulaboh,4.1363,96.1285,76.66,85,91,3.8,id,1619736762
college,64.8569,-147.8028,48.2,43,75,2.46,us,1619736762
norsup,-16.0667,167.3833,81.39,65,84,16.02,vu,1619736763
adrar,25.75,-1.0,82.22,28,27,19.15,dz,1619736763
chipinge,-20.1883,32.6236,59.59,91,1,3.69,zw,1619736763
khorramshahr,30.4397,48.1664,77.0,41,0,4.61,ir,1619736661
luganville,-15.5333,167.1667,81.97,66,78,13.27,vu,1619736764
rodopolis,41.2578,22.9983,59.0,78,9,2.77,gr,1619736765
georgetown,-7.9333,-14.4167,79.34,78,96,15.73,sh,1619736765
muros,42.7762,-9.0603,48.0,82,3,11.7,es,1619736766
mount gambier,-37.8333,140.7667,50.0,100,0,6.91,au,1619736766
bredasdorp,-34.5322,20.0403,51.8,82,86,6.91,za,1619736766
saldanha,-33.0117,17.9442,55.4,76,0,8.05,za,1619736767
hurghada,27.2574,33.8129,80.6,16,0,10.36,eg,1619736738
pisco,-13.7,-76.2167,66.99,88,0,6.91,pe,1619736768
santa cruz del sur,20.7147,-77.9956,80.96,67,10,5.84,cu,1619736768
snyder,32.7179,-100.9176,64.4,72,90,11.5,us,1619736769
lavrentiya,65.5833,-171.0,27.09,69,29,4.14,ru,1619736769
rawah,34.4816,41.9093,79.43,24,2,9.37,iq,1619736769
oskemen,49.9565,82.6119,57.2,67,75,4.47,kz,1619736770
san felipe,21.4833,-101.2167,89.01,14,1,9.22,mx,1619736770
tuatapere,-46.1333,167.6833,55.0,77,87,11.99,nz,1619736771
luderitz,-26.6481,15.1594,56.57,77,0,22.95,na,1619736771
churapcha,62.0025,132.4325,32.36,97,100,5.37,ru,1619736771
carnarvon,-24.8667,113.6333,68.0,94,75,8.05,au,1619736772
sitka,57.0531,-135.33,46.4,87,90,13.8,us,1619736772
severo-kurilsk,50.6789,156.125,37.67,83,37,5.19,ru,1619736773
kahului,20.8947,-156.47,78.8,78,40,17.27,us,1619736773
saint-pierre,46.7654,-56.1695,38.68,87,27,5.66,pm,1619736669
vao,-22.6667,167.4833,75.0,57,72,20.71,nc,1619736774
saint-leu,-21.15,55.2833,77.0,83,90,3.44,re,1619736774
roding,49.1964,12.5186,52.0,74,100,4.0,de,1619736775
isilkul,54.9109,71.2728,40.35,67,4,8.16,ru,1619736775
bandar,2.05,99.75,72.57,99,100,3.04,id,1619736775
beidao,34.5686,105.8933,56.23,67,0,0.83,cn,1619736776
alice springs,-23.7,133.8833,50.0,53,2,3.44,au,1619736718
ponta do sol,17.1994,-25.0919,71.6,73,75,23.02,cv,1619736776
sao miguel do araguaia,-13.275,-50.1628,72.82,88,49,3.11,br,1619736777
sens,48.1667,3.3333,46.4,75,0,3.44,fr,1619736777
woodstock,43.1334,-80.7497,51.8,93,100,1.14,ca,1619736730
noboribetsu,42.4514,141.1731,44.6,100,75,20.71,jp,1619736778
osorno,-40.5667,-73.15,60.8,78,75,8.05,cl,1619736488
ishinomaki,38.4167,141.3,59.0,55,40,3.44,jp,1619736778
mitrofanovka,49.9708,39.6939,43.47,66,11,7.05,ru,1619736779
cayenne,4.9333,-52.3333,78.01,94,0,2.3,gf,1619736591
high rock,26.6208,-78.2833,80.6,74,75,11.5,bs,1619736780
houston,54.3998,-126.6701,60.8,58,99,6.91,ca,1619736780
mollendo,-17.0231,-72.0147,66.52,83,55,7.83,pe,1619736781
grand gaube,-20.0064,57.6608,73.99,90,20,4.0,mu,1619736781
hofn,64.2539,-15.2082,39.67,76,62,3.51,is,1619736782
tacoronte,28.4769,-16.4102,66.0,79,19,3.98,es,1619736782
karabuk,41.2049,32.6277,59.49,75,98,1.41,tr,1619736783
miles city,46.4083,-105.8406,69.8,28,90,16.11,us,1619736783
seymchan,62.8833,152.4333,32.58,89,100,1.59,ru,1619736784
comodoro rivadavia,-45.8667,-67.5,64.4,52,0,1.14,ar,1619736784
cockburn town,21.4612,-71.1419,80.6,65,40,16.11,tc,1619736784
marsh harbour,26.5412,-77.0636,76.51,74,94,13.56,bs,1619736785
smidovich,48.6,133.8167,45.59,69,7,14.79,ru,1619736785
thompson,55.7435,-97.8558,33.8,40,40,17.27,ca,1619736786
porkhov,57.765,29.5561,42.8,87,40,4.47,ru,1619736786
san carlos de bariloche,-41.1456,-71.3082,55.0,58,0,2.3,ar,1619736786
yar-sale,66.8333,70.8333,23.27,96,100,7.72,ru,1619736787
urucara,-2.5364,-57.76,74.73,94,70,1.16,br,1619736787
guiratinga,-16.3494,-53.7583,72.55,48,100,4.88,br,1619736787
gravelbourg,49.8834,-106.5512,55.4,30,92,8.05,ca,1619736788
sistranda,63.7256,8.834,37.4,75,20,2.3,no,1619736788
te anau,-45.4167,167.7167,55.29,88,94,4.0,nz,1619736606
upernavik,72.7868,-56.1549,27.59,67,94,3.56,gl,1619736789
manado,1.487,124.8455,75.2,94,20,2.3,id,1619736789
berlevag,70.8578,29.0864,29.8,77,100,27.0,no,1619736789
klaksvik,62.2266,-6.589,37.4,60,90,10.36,fo,1619736790
linxia,35.6003,103.2064,51.84,41,1,4.38,cn,1619736790
bedesa,8.9,40.7833,63.03,90,100,3.09,et,1619736791
kamina,-8.7386,24.9906,65.48,92,79,2.46,cd,1619736791
buala,-8.145,159.5921,81.95,76,98,5.17,sb,1619736791
fairbanks,64.8378,-147.7164,48.2,49,90,3.44,us,1619736575
barrow,71.2906,-156.7887,19.4,86,90,8.05,us,1619736792
ukiah,39.1502,-123.2078,87.8,23,1,11.5,us,1619736792
shache,38.4167,77.2406,65.57,11,1,6.53,cn,1619736625
nueve de julio,-35.4444,-60.8831,64.99,63,0,1.99,ar,1619736613
norman wells,65.282,-126.8329,42.8,36,75,6.91,ca,1619736793
pozo colorado,-23.4923,-58.7972,63.77,39,0,4.88,py,1619736794
zambezi,-13.5432,23.1047,66.36,78,53,2.66,zm,1619736794
pimentel,-6.8367,-79.9342,71.6,68,0,18.41,pe,1619736677
bani,18.2833,-70.3333,75.0,87,14,1.99,do,1619736670
baykit,61.67,96.37,32.67,90,83,3.94,ru,1619736795
port lincoln,-34.7333,135.8667,65.28,55,25,10.38,au,1619736796
paita,-5.0892,-81.1144,71.6,74,0,16.91,pe,1619736796
mana,5.6592,-53.7767,76.33,90,55,11.61,gf,1619736796
maldonado,-34.6667,-54.9167,62.6,88,0,3.27,uy,1619736797
webuye,0.6075,34.7697,61.66,84,100,4.79,ke,1619736504
manicore,-5.8092,-61.3003,77.0,94,20,3.44,br,1619736797
akdepe,42.0551,59.3788,59.0,82,0,13.8,tm,1619736798
vozdvizhenka,43.9,131.95,35.6,80,99,4.47,ru,1619736798
petropavlovsk-kamchatskiy,53.0452,158.6483,42.8,65,40,4.47,ru,1619736799
novopokrovka,49.8425,36.5477,46.4,53,0,6.71,ua,1619736799
elbrus,43.2577,42.6443,39.92,96,94,5.44,ru,1619736800
constitucion,23.9912,-104.6749,78.8,8,1,17.27,mx,1619736800
zlitan,32.4674,14.5687,80.64,33,16,11.86,ly,1619736801
choya,52.0108,86.5467,53.83,99,100,3.06,ru,1619736801
san quintin,30.4833,-115.95,69.57,56,0,11.77,mx,1619736802
alliance,40.9153,-81.1059,53.01,96,100,5.01,us,1619736760
kyra,49.5776,111.9753,31.66,42,96,6.38,ru,1619736802
gravdal,68.1214,13.5031,35.49,79,100,17.63,no,1619736802
laguna,-28.4825,-48.7808,64.89,82,2,4.23,br,1619736803
cherskiy,68.75,161.3,22.32,89,100,11.23,ru,1619736803
ust-kuyga,70.0167,135.6,23.97,94,97,4.27,ru,1619736804
melo,-32.3667,-54.1833,55.9,74,0,2.64,uy,1619736804
chivay,-15.6383,-71.6011,47.71,68,41,6.29,pe,1619736804
zhigansk,66.7697,123.3711,30.49,93,100,8.01,ru,1619736805
vrangel,42.7297,133.0839,45.93,50,97,8.21,ru,1619736805
los llanos de aridane,28.6585,-17.9182,66.2,68,0,5.75,es,1619736806
portland,-38.3333,141.6,58.01,72,0,6.31,au,1619736618
alta gracia,-31.6529,-64.4283,66.2,52,0,11.5,ar,1619736806
lazaro cardenas,17.9583,-102.2,82.02,67,85,11.68,mx,1619736807
emba,48.8264,58.1442,44.73,63,40,8.39,kz,1619736807
longyearbyen,78.2186,15.6401,19.4,63,40,16.11,sj,1619736807
chinhoyi,-17.3667,30.2,62.71,80,13,3.56,zw,1619736808
muli,2.9167,73.5667,82.94,72,8,4.14,mv,1619736808
arcachon,44.5875,-1.0519,50.0,93,0,2.73,fr,1619736809
kenai,60.5544,-151.2583,44.6,81,90,19.57,us,1619736609
malpe,13.35,74.7167,75.2,78,75,4.61,in,1619736809
alyangula,-13.8483,136.4192,69.8,100,36,8.48,au,1619736810
bay city,43.5945,-83.8889,57.0,76,90,9.22,us,1619736810
kapit,2.0167,112.9333,73.81,99,100,1.72,my,1619736811
beringovskiy,63.05,179.3167,29.66,71,60,4.79,ru,1619736811
mogadishu,2.0371,45.3438,82.54,77,87,10.85,so,1619736811
imeni poliny osipenko,52.4201,136.4853,31.17,91,100,14.83,ru,1619736812
hami,42.8,93.45,65.03,19,24,8.23,cn,1619736557
saskylakh,71.9167,114.0833,29.28,91,100,8.61,ru,1619736812
ambulu,-8.345,113.6058,75.74,89,49,2.39,id,1619736813
swellendam,-34.0226,20.4417,51.8,82,98,6.91,za,1619736813
san nicolas,14.9333,-88.3167,89.6,40,40,11.5,hn,1619736814
aykhal,66.0,111.5,23.27,99,100,6.38,ru,1619736814
kilindoni,-7.9139,39.6668,79.29,82,99,7.2,tz,1619736814
gizo,-8.103,156.8419,83.14,71,83,4.65,sb,1619736815
teguise,29.0605,-13.564,68.0,68,20,5.75,es,1619736815
baillif,16.0202,-61.7463,78.8,73,40,9.22,gp,1619736816
samarai,-10.6167,150.6667,80.46,77,69,8.95,pg,1619736816
tabas,33.5959,56.9244,75.47,37,98,2.64,ir,1619736816
osakarovka,50.565,72.5692,43.86,70,51,7.61,kz,1619736817
brae,60.3964,-1.353,39.2,81,75,11.5,gb,1619736817
saint-georges,3.9,-51.8,72.12,98,100,2.15,gf,1619736818
mandera,3.9366,41.867,84.4,56,94,15.28,ke,1619736818
taywarah,33.35,64.4167,48.56,53,57,5.1,af,1619736819
bera,24.0833,89.6167,82.9,52,8,5.1,bd,1619736819
angahuan,19.55,-102.1833,80.6,39,1,11.5,mx,1619736819
nuuk,64.1835,-51.7216,28.4,100,90,6.91,gl,1619736820
paragominas,-2.9667,-47.4833,73.24,95,70,3.56,br,1619736820
saint-augustin,51.226,-58.6502,42.6,78,100,3.22,ca,1619736821
ordu,40.9086,37.6845,55.4,100,75,8.05,tr,1619736821
barcelona,10.1333,-64.7,73.85,90,100,2.73,ve,1619736774
nova vicosa,-17.8919,-39.3719,76.95,70,42,13.76,br,1619736822
rorvik,64.8621,11.2373,39.76,68,93,14.9,no,1619736822
bandarbeyla,9.4942,50.8122,83.01,76,51,5.77,so,1619736822
itarema,-2.9248,-39.9167,77.97,82,91,9.22,br,1619736823
vila franca do campo,37.7167,-25.4333,55.4,67,20,5.75,pt,1619736823
liverpool,44.0335,-64.7155,46.4,81,100,10.36,ca,1619736824
lahaina,20.8783,-156.6825,82.4,54,40,17.27,us,1619736824
kuopio,62.8924,27.677,32.0,86,0,8.05,fi,1619736824
segezha,63.7415,34.3222,29.26,80,70,6.49,ru,1619736825
axim,4.8699,-2.2405,81.07,79,100,5.5,gh,1619736825
bubaque,11.2833,-15.8333,78.08,71,34,17.87,gw,1619736826
povenets,62.8487,34.8262,29.44,78,61,5.14,ru,1619736826
george,-33.963,22.4617,55.4,100,75,6.91,za,1619736827
lagoa,39.05,-27.9833,56.86,62,100,7.72,pt,1619736827
kholodnyy,62.7167,147.95,29.1,87,100,2.08,ru,1619736827
poopo,-18.3667,-66.9667,47.37,25,1,5.59,bo,1619736828
labytnangi,66.6572,66.4183,24.64,96,100,5.32,ru,1619736828
yulara,-25.2406,130.9889,51.8,50,4,6.91,au,1619736829
qui nhon,13.7667,109.2333,75.65,87,91,5.23,vn,1619736829
atar,20.5169,-13.0499,81.34,36,100,5.12,mr,1619736830
shingu,33.7333,135.9833,60.8,72,0,3.44,jp,1619736830
sept-iles,50.2001,-66.3821,46.4,61,75,6.91,ca,1619736831
manaure,11.7751,-72.4445,81.01,72,100,11.1,co,1619736831
evensk,61.95,159.2333,32.99,85,6,2.8,ru,1619736831
itoman,26.1247,127.6694,68.0,77,20,2.3,jp,1619736832
koslan,63.4564,48.8989,31.17,67,64,6.85,ru,1619736832
jalu,29.0331,21.5482,82.04,11,31,9.22,ly,1619736833
ossora,59.2353,163.0719,35.28,99,100,2.33,ru,1619736833
san luis,-33.295,-66.3356,61.21,49,0,6.44,ar,1619736834
bengkulu,-3.8004,102.2655,75.06,91,95,4.12,id,1619736555
namatanai,-3.6667,152.4333,83.35,71,75,4.63,pg,1619736834
castelo do piaui,-5.3222,-41.5525,72.77,93,100,3.04,br,1619736834
sambava,-14.2667,50.1667,75.29,88,32,9.37,mg,1619736835
carbonia,39.1672,8.5222,62.01,94,0,2.3,it,1619736802
nanyang,32.9947,112.5328,62.96,73,6,3.6,cn,1619736835
chukhloma,58.7525,42.6825,30.72,89,48,5.21,ru,1619736836
chkalovskoye,44.8392,133.0436,50.61,42,96,3.76,ru,1619736836
tadine,-21.55,167.8833,75.43,55,45,15.37,nc,1619736837
ngunguru,-35.6167,174.5,68.0,68,5,5.01,nz,1619736837
wanning,18.8003,110.3967,74.41,89,77,4.29,cn,1619736837
pacific grove,36.6177,-121.9166,60.8,67,1,10.36,us,1619736838
loukhi,66.0764,33.0381,29.35,84,100,8.97,ru,1619736838
bafoulabe,13.8065,-10.8321,98.51,17,75,3.11,ml,1619736839
batemans bay,-35.7167,150.1833,63.0,60,0,1.97,au,1619736839
teya,60.3778,92.6267,36.03,92,100,7.4,ru,1619736839
progreso,21.2833,-89.6667,99.0,25,90,20.71,mx,1619736840
mitsamiouli,-11.3847,43.2844,80.78,77,15,5.59,km,1619736840
sioux lookout,50.1001,-91.917,41.0,60,90,12.66,ca,1619736841
carutapera,-1.195,-46.02,76.03,91,99,4.94,br,1619736841
karpathos,35.507,27.2132,64.4,88,80,4.61,gr,1619736841
rudarpur,26.4394,83.6144,82.96,24,0,6.17,in,1619736842
kalnciems,56.8011,23.6097,48.2,61,0,10.36,lv,1619736842
san cristobal,-0.9045,-89.6174,82.4,74,20,16.11,ec,1619736843
saiha,22.4833,92.9667,66.74,83,2,3.27,in,1619736843
ahipara,-35.1667,173.1667,64.27,63,0,3.33,nz,1619736844
ayolas,-27.4,-56.9,59.27,66,0,6.08,py,1619736844
grindavik,63.8424,-22.4338,41.0,75,75,2.3,is,1619736845
scarborough,54.2797,-0.4044,37.0,85,8,1.01,gb,1619736806
vitim,59.4511,112.5578,28.45,86,95,0.87,ru,1619736845
krutikha,53.9599,81.2093,42.15,86,51,6.58,ru,1619736846
ryabovo,59.4,31.1333,33.8,64,0,3.4,ru,1619736846
oranjemund,-28.55,16.4333,56.75,86,3,16.17,na,1619736847
charlottesville,38.0293,-78.4767,84.2,45,75,11.5,us,1619736847
santa cruz de tenerife,28.4682,-16.2546,66.0,100,0,8.05,es,1619736848
najran,17.4924,44.1277,73.4,60,75,4.61,sa,1619736848
mishawaka,41.662,-86.1586,57.2,62,1,13.8,us,1619736604
faanui,-16.4833,-151.75,81.73,72,69,7.02,pf,1619736848
hatfield,51.7634,-0.2242,42.01,87,89,4.61,gb,1619736849
charters towers,-20.1,146.2667,69.84,71,75,9.78,au,1619736849
mpika,-11.8343,31.4529,60.91,98,20,5.5,zm,1619736850
nakatunguru,-2.1167,33.0667,74.41,71,43,11.48,tz,1619736850
arzgir,45.3728,44.2206,54.68,76,100,9.91,ru,1619736851
pundaguitan,6.3711,126.1689,81.68,76,100,6.69,ph,1619736851
lichinga,-13.3128,35.2406,62.6,100,20,10.36,mz,1619736851
kaitangata,-46.2817,169.8464,51.1,91,100,6.29,nz,1619736852
lardos,36.0942,28.0157,68.0,60,20,13.8,gr,1619736852
guerrero negro,27.9769,-114.0611,73.04,45,0,15.9,mx,1619736853
souillac,-20.5167,57.5167,77.0,83,75,12.66,mu,1619736853
eenhana,-17.4667,16.3333,73.29,40,93,3.22,na,1619736853
hazorasp,41.3194,61.0742,62.6,63,0,11.5,uz,1619736854
buraydah,26.326,43.975,77.0,22,0,8.05,sa,1619736729
venado,22.9333,-101.0833,90.25,10,26,16.33,mx,1619736854
bilibino,68.0546,166.4372,22.62,81,98,5.12,ru,1619736855
bintulu,3.1667,113.0333,77.0,100,40,2.3,my,1619736855
konya,38.1667,32.5,71.6,33,75,24.16,tr,1619736855
sao gabriel da cachoeira,-0.1303,-67.0892,71.46,99,100,0.65,br,1619736794
hualmay,-11.0964,-77.6139,67.95,81,2,11.86,pe,1619736856
anupgarh,29.1911,73.2086,88.21,23,82,9.75,in,1619736856
port hedland,-20.3167,118.5667,66.2,68,0,4.61,au,1619736857
ocean city,39.2776,-74.5746,73.4,64,20,9.22,us,1619736856
kungurtug,50.5994,97.5228,35.24,79,88,3.22,ru,1619736857
port hardy,50.6996,-127.4199,53.6,82,90,14.97,ca,1619736858
maragogi,-9.0122,-35.2225,77.97,85,86,8.77,br,1619736858
miranda,-20.2406,-56.3783,70.77,36,17,4.36,br,1619736859
north myrtle beach,33.816,-78.68,75.0,78,1,21.85,us,1619736795
elko,41.0002,-115.5012,75.2,16,1,2.48,us,1619736656
santiago,-27.15,-56.7833,58.32,66,0,5.39,py,1619736860
poum,-20.2333,164.0167,76.5,58,52,14.07,nc,1619736860
rio pardo de minas,-15.6097,-42.5397,71.65,68,85,9.04,br,1619736789
kutum,14.2,24.6667,76.64,14,38,6.76,sd,1619736861
sillod,20.3,75.65,83.16,29,85,11.92,in,1619736861
monte alegre,-2.0078,-54.0692,77.88,84,91,1.81,br,1619736861
la rioja,-29.4111,-66.8507,68.65,55,0,4.65,ar,1619736862
nisia floresta,-6.0911,-35.2086,78.8,89,40,2.3,br,1619736862
vila velha,-20.3297,-40.2925,73.4,78,40,18.41,br,1619736863
cidreira,-30.1811,-50.2056,65.07,75,0,5.66,br,1619736863
sorland,67.667,12.6934,38.05,66,100,23.47,no,1619736864
sola,-13.8833,167.55,81.36,65,97,22.53,vu,1619736864
ostrovnoy,68.0531,39.5131,22.93,88,92,12.53,ru,1619736864
pevek,69.7008,170.3133,19.45,90,100,7.36,ru,1619736865
sandwick,60.0,-1.25,39.2,81,75,11.5,gb,1619736865
yangjiang,21.85,111.9667,72.86,78,96,1.83,cn,1619736866
broken hill,-31.95,141.4333,60.8,36,0,8.05,au,1619736866
tiznit,29.5833,-9.5,57.2,78,44,3.0,ma,1619736867
libreville,0.3925,9.4537,77.0,94,40,1.14,ga,1619736331
cape coast,5.1053,-1.2466,81.28,81,100,7.4,gh,1619736867
paamiut,61.994,-49.6678,36.41,85,3,2.73,gl,1619736868
sao paulo de olivenca,-3.3783,-68.8725,73.6,96,100,0.16,br,1619736868
lompoc,34.6391,-120.4579,72.0,63,6,17.27,us,1619736868
sakakah,29.9697,40.2064,71.6,16,0,4.61,sa,1619736869
turukhansk,65.8167,87.9833,33.58,91,95,12.06,ru,1619736869
vikhorevka,56.1201,101.1636,24.01,100,75,4.76,ru,1619736870
taoudenni,22.6783,-3.9836,92.44,19,75,24.58,ml,1619736870
glens falls,43.3095,-73.644,55.99,100,90,8.05,us,1619736770
mao,14.1212,15.3103,83.41,6,1,10.31,td,1619736871
show low,34.2542,-110.0298,66.99,22,1,16.11,us,1619736863
havoysund,70.9963,24.6622,26.6,86,90,14.97,no,1619736871
vostok,46.4856,135.8833,48.07,34,61,2.93,ru,1619736872
chuy,-33.6971,-53.4616,57.42,76,0,2.84,uy,1619736872
havre-saint-pierre,50.2334,-63.5986,44.6,70,90,16.11,ca,1619736873
brisbane,-27.4679,153.0281,69.01,83,75,9.22,au,1619736610
tieli,46.95,128.05,50.07,53,55,4.83,cn,1619736873
andenes,69.3143,16.1194,32.0,64,90,21.85,no,1619736874
paramirim,-13.4425,-42.2389,73.26,61,24,6.35,br,1619736874
xinqing,48.2333,129.5,50.05,41,58,11.68,cn,1619736875
alofi,-19.0595,-169.9187,86.0,74,75,5.75,nu,1619736875
palmer,42.1584,-72.3287,60.01,100,90,5.75,us,1619736875
arman,59.7,150.1667,36.21,71,72,2.48,ru,1619736876
tonosho,34.4833,134.1833,57.0,100,75,3.44,jp,1619736876
henties bay,-22.116,14.2845,55.99,85,0,1.99,na,1619736877
grafton,42.207,-71.6856,54.0,93,90,6.91,us,1619736877
narrabri,-30.3167,149.7833,61.0,72,5,8.05,au,1619736877
chapais,49.7834,-74.8492,62.6,25,1,9.22,ca,1619736878
maidstone,51.2667,0.5167,46.0,75,88,3.49,gb,1619736878
kupang,-10.1667,123.5833,77.38,86,64,6.11,id,1619736848
caetite,-14.0694,-42.475,68.83,67,33,6.31,br,1619736716
inhambane,-23.865,35.3833,73.51,78,0,8.46,mz,1619736879
kaeo,-35.1,173.7833,68.0,68,0,5.01,nz,1619736608
petaluma,38.2324,-122.6367,87.01,52,1,11.5,us,1619736691
kiunga,-6.1219,141.2906,77.67,86,93,1.83,pg,1619736880
mulki,13.1,74.8,75.2,78,75,4.61,in,1619736881
ibra,22.6906,58.5334,78.42,38,98,2.48,om,1619736881
broome,-17.9667,122.2333,71.6,78,37,6.91,au,1619736881
paratebueno,4.3758,-73.2155,74.25,92,83,1.95,co,1619736882
korsakov,46.6328,142.7813,35.6,93,90,20.13,ru,1619736882
garowe,8.4054,48.4845,77.79,75,49,11.23,so,1619736883
cap-aux-meules,47.3821,-61.8597,44.6,76,11,1.14,ca,1619736883
sisimiut,66.9395,-53.6735,37.45,73,100,2.82,gl,1619736883
ballina,54.1167,-9.1667,44.01,62,89,3.0,ie,1619736884
erenhot,43.6475,111.9767,42.84,20,98,8.77,cn,1619736884
saint albans,38.3857,-81.8362,68.0,94,100,13.94,us,1619736885
bathsheba,13.2167,-59.5167,78.8,65,20,11.5,bb,1619736885
guelph,43.5501,-80.2497,51.01,100,90,5.75,ca,1619736627
baft,29.234,56.6057,60.28,37,71,3.31,ir,1619736886
curumani,9.1999,-73.5427,77.76,87,100,3.42,co,1619736886
kuybysheve,47.358,36.6491,48.94,86,52,8.72,ua,1619736886
touros,-5.1989,-35.4608,78.8,89,40,4.61,br,1619736887
nadym,65.5333,72.5167,31.53,90,100,10.76,ru,1619736887
shimoda,34.6667,138.95,66.99,51,24,3.0,jp,1619736888
rock sound,24.9,-76.2,77.52,70,14,12.73,bs,1619736888
pedro juan caballero,-22.5472,-55.7333,61.72,44,1,5.41,py,1619736889
tarkwa,5.3064,-1.9847,76.64,90,100,2.93,gh,1619736889
same,-4.0667,37.7333,67.19,94,79,3.27,tz,1619736889
fuyang,32.9,115.8167,62.89,83,9,6.22,cn,1619736890
safford,32.834,-109.7076,78.8,18,1,12.66,us,1619736890
kirakira,-10.4544,161.9205,83.95,70,76,8.55,sb,1619736891
chernyshevskiy,63.0128,112.4714,29.26,86,96,2.28,ru,1619736891
trelew,-43.249,-65.3051,66.96,44,97,3.65,ar,1619736891
muisne,0.6,-80.0333,80.6,83,75,10.36,ec,1619736892
dunedin,-45.8742,170.5036,54.0,84,100,15.01,nz,1619736892
kununurra,-15.7667,128.7333,78.8,50,3,5.75,au,1619736893
yumen,40.2833,97.2,58.86,17,42,4.94,cn,1619736893
godean,-7.7697,110.2939,73.49,88,56,2.39,id,1619736894
rocha,-34.4833,-54.3333,56.55,83,0,2.66,uy,1619736686
longavi,-35.9667,-71.6833,61.39,51,99,3.8,cl,1619736894
itacarambi,-15.1022,-44.0919,75.52,65,90,3.44,br,1619736849
tual,-5.6667,132.75,82.62,72,100,6.76,id,1619736895
riyadh,24.6877,46.7219,75.2,35,0,5.1,sa,1619736692
teguldet,57.3064,88.1667,42.69,96,100,8.93,ru,1619736895
saint andrews,45.0845,-67.0617,59.0,58,100,5.75,ca,1619736896
jacksonville,30.3322,-81.6556,87.8,40,75,11.5,us,1619736813
mach,29.8637,67.3298,76.24,22,66,5.06,pk,1619736896
kirovskiy,45.0917,133.5136,50.18,50,70,3.4,ru,1619736897
galle,6.0367,80.217,80.1,82,84,6.69,lk,1619736897
salalah,17.0151,54.0924,84.2,79,75,6.91,om,1619736898
bucak,37.4592,30.595,66.2,48,75,3.44,tr,1619736898
valparaiso,-33.0393,-71.6273,57.2,94,90,2.3,cl,1619736845
shetpe,44.1667,52.1167,55.92,48,26,6.69,kz,1619736899
dno,57.8277,29.9637,38.07,95,100,7.4,ru,1619736899
santa cruz,10.2605,-85.5851,84.2,61,0,10.36,cr,1619736899
sao filipe,14.8961,-24.4956,72.86,76,42,9.48,cv,1619736900
padang,-0.9492,100.3543,76.17,89,100,2.57,id,1619736900
hambantota,6.1241,81.1185,78.85,84,98,7.81,lk,1619736901
tilichiki,60.4667,166.1,32.04,99,100,0.51,ru,1619736902
rongcheng,30.634,117.8517,66.09,78,0,4.99,cn,1619736902
vryburg,-26.9566,24.7284,59.13,85,100,3.33,za,1619736903
bud,62.9088,6.9145,37.4,70,17,6.91,no,1619736904
ystad,55.4297,13.8204,42.8,87,90,14.97,se,1619736904
avila,40.5833,-5.0,44.01,86,86,3.6,es,1619736905
qinhuangdao,39.9317,119.5883,50.31,45,25,2.77,cn,1619736905
candido mendes,-1.4467,-45.7167,74.98,93,99,3.42,br,1619736906
pau dos ferros,-6.1125,-38.2063,77.86,66,76,6.69,br,1619736906
ordubad,38.9059,46.0234,62.6,67,90,9.22,az,1619736907
oyon,-10.6681,-76.7731,47.64,90,92,2.62,pe,1619736907
bosaso,11.2842,49.1816,85.03,70,69,1.92,so,1619736907
dolores,16.5142,-89.4158,96.8,46,40,6.91,gt,1619736908
copala,16.65,-98.9833,84.7,59,100,11.43,mx,1619736908
innisfail,-17.5333,146.0333,72.91,84,72,6.35,au,1619736909
usa river,-3.3667,36.85,64.63,97,79,4.63,tz,1619736886
mountain home,43.133,-115.6912,80.6,16,1,5.75,us,1619736909
kaduna,10.5222,7.4383,82.15,37,56,5.68,ng,1619736910
srednekolymsk,67.45,153.6833,30.02,94,100,5.88,ru,1619736910
necochea,-38.5473,-58.7368,64.0,75,21,5.99,ar,1619736910
asyut,27.181,31.1837,77.0,31,0,10.36,eg,1619736911
katsuura,35.1333,140.3,64.4,68,20,5.75,jp,1619736911
matara,5.9485,80.5353,77.09,90,91,5.75,lk,1619736911
moose factory,51.2585,-80.6094,51.8,58,90,14.97,ca,1619736912
odweyne,9.4092,45.064,69.73,78,100,6.13,so,1619736912
xinzhi,36.4989,111.7047,62.96,42,87,4.23,cn,1619736913
pandamatenga,-18.5278,25.627,64.74,68,5,3.56,bw,1619736913
athens,33.9609,-83.3779,80.6,50,20,8.05,us,1619736691
rio gallegos,-51.6226,-69.2181,44.6,87,75,8.05,ar,1619736914
fatsa,41.0278,37.5014,55.4,100,75,8.05,tr,1619736914
xingyi,24.1877,102.817,56.08,80,87,2.01,cn,1619736915
finschhafen,-6.6024,147.8681,81.39,76,77,8.01,pg,1619736915
kawai,34.2333,135.85,60.01,88,40,4.61,jp,1619736916
nome,64.5011,-165.4064,28.99,64,40,14.97,us,1619736916
pangody,65.85,74.4859,29.48,93,100,10.45,ru,1619736917
saint-agapit,46.5629,-71.4352,59.0,41,75,13.8,ca,1619736917
itaituba,-4.2761,-55.9836,74.61,95,83,0.38,br,1619736917
port-gentil,-0.7193,8.7815,78.8,94,40,5.75,ga,1619736918
archidona,-0.9167,-77.8,75.2,94,75,2.3,ec,1619736918
varnavino,57.4035,45.0916,33.17,87,76,5.5,ru,1619736918
itacoatiara,-3.1431,-58.4442,75.16,93,57,1.57,br,1619736919
oakdale,44.963,-92.9649,66.2,26,20,16.11,us,1619736919
stykkisholmur,65.0757,-22.7297,39.78,82,100,1.88,is,1619736920
sao felix do xingu,-6.6447,-51.995,72.68,96,42,1.63,br,1619736920
nemuro,43.3236,145.575,40.39,98,100,26.66,jp,1619736920
eregli,37.5133,34.0467,65.62,37,84,4.59,tr,1619736921
kihei,20.785,-156.4656,78.8,78,40,17.27,us,1619736728
rudbar,30.15,62.6,79.63,25,17,5.26,af,1619736921
dengzhou,37.8086,120.7508,49.05,68,25,3.09,cn,1619736922
hohhot,40.8106,111.6522,41.0,87,40,6.71,cn,1619736922
aljezur,37.3191,-8.8033,52.75,71,46,6.29,pt,1619736922
naze,28.3667,129.4833,66.2,88,20,5.75,jp,1619736923
khanapur,15.6333,74.5167,73.9,79,17,3.65,in,1619736923
trincomalee,8.5711,81.2335,80.15,81,74,5.66,lk,1619736924
coolum beach,-26.5333,153.1,66.0,98,71,9.4,au,1619736924
san francisco,-31.428,-62.0827,64.0,63,0,1.99,ar,1619736924
presidencia roque saenz pena,-26.7852,-60.4388,58.86,65,0,5.5,ar,1619736925
lubango,-14.9172,13.4925,60.64,70,86,1.25,ao,1619736855
hervey bay,-25.2986,152.8535,68.0,96,60,4.0,au,1619736926
porto novo,17.0197,-25.0647,71.6,73,75,23.02,cv,1619736926
rawson,-43.3002,-65.1023,64.17,57,99,5.68,ar,1619736926
saint-joseph,-21.3667,55.6167,77.0,83,90,3.44,re,1619736927
kodinsk,58.6881,99.1844,30.74,85,26,3.38,ru,1619736927
namwala,-15.7504,26.4384,64.4,87,38,4.36,zm,1619736928
xichang,27.8964,102.2634,56.41,60,40,0.76,cn,1619736928
bon accord,53.8335,-113.4187,60.8,44,20,11.5,ca,1619736928
tarakan,3.3,117.6333,78.8,94,40,4.61,id,1619736929
san vicente,15.2955,120.6465,77.0,88,75,2.3,ph,1619736929
asenovgrad,42.0167,24.8667,57.2,82,35,8.05,bg,1619736930
bonavista,48.6499,-53.1147,44.6,76,86,3.44,ca,1619736930
hasaki,35.7333,140.8333,64.4,59,20,6.91,jp,1619736931
cao bang,22.6667,106.25,66.34,87,93,0.74,vn,1619736931
madinat sittah uktubar,29.8167,31.05,72.0,46,0,11.5,eg,1619736931
